Brand,Idea,Season,Investment (INR),Debt (INR),Equity (%),Equity Category,Total Investors,Anupam,Ashneer,Namita,Aman,Peyush,Vineeta,Ghazal
BluePine Industries,Frozen Momos,1,7500000,0,18.0,Medium (10–25%),3,0,1,0,1,0,1,0
Booz scooters,Renting e-bike for mobility in private spaces,1,4000000,0,50.0,High (>25%),2,0,1,0,0,0,1,0
Heart up my Sleeves,Detachable Sleeves,1,2500000,0,30.0,High (>25%),2,1,0,0,0,0,1,0
Tagz Foods,Healthy Potato Chips,1,7000000,0,2.75,Low (<10%),1,0,1,0,0,0,0,0
Head and Heart,Brain Development Course,1,0,0,0.0,Low (<10%),0,0,0,0,0,0,0,0
Agro tourism,Tourism,1,0,0,0.0,Low (<10%),0,0,0,0,0,0,0,0
Qzense Labs,Food Freshness Detector,1,0,0,0.0,Low (<10%),0,0,0,0,0,0,0,0
Peeschute,Disposable Urine Bag,1,7500000,0,6.0,Low (<10%),1,0,0,0,1,0,0,0
NOCD,Energy Drink,1,2000000,3000000,15.0,Medium (10–25%),1,0,0,0,0,0,1,0
Cosiq,Intelligent Skincare,1,5000000,0,25.0,Medium (10–25%),2,1,0,0,0,0,1,0
JhaJi Achaar,Pickle,1,0,0,0.0,Low (<10%),0,0,0,0,0,0,0,0
Bummer,Underwear,1,7500000,0,7.5,Low (<10%),2,0,0,1,1,0,0,0
Revamp Moto,E-Bike,1,1000000,0,1.5,Low (<10%),2,1,0,0,1,0,0,0
Hungry Heads,Restaurant serving 80 types of Maggi,1,0,0,0.0,Low (<10%),0,0,0,0,0,0,0,0
Shrawani Engineers,Belly Button Shaper,1,0,0,0.0,Low (<10%),0,0,0,0,0,0,0,0
Skippi Pops,Ice-Pops,1,1000000,0,15.0,Medium (10–25%),5,1,1,1,1,0,1,0
Menstrupedia,Menstrual Awareness Comic,1,5000000,0,20.0,Medium (10–25%),1,0,0,1,0,0,0,0
Hecolll,Pollution Resistant Fabric,1,0,0,0.0,Low (<10%),0,0,0,0,0,0,0,0
Raising Superstars,Child Development App,1,1000000,0,4.0,Low (<10%),2,0,1,0,1,0,0,0
Torch-it,Gadgets for visually impaired people,1,0,0,0.0,Low (<10%),0,0,0,0,0,0,0,0
La Kheer Deli,Kheer in variety of flavors,1,0,0,0.0,Low (<10%),0,0,0,0,0,0,0,0
Beyond Snack,Kerala Banana Chips,1,5000000,0,2.5,Low (<10%),2,0,1,0,1,0,0,0
Vivalyf Innovations- Easy Life,Prickless Diabetes Testing Machine,1,5600000,0,33.3,High (>25%),2,1,0,0,0,1,0,0
Motion Breeze,Smart Electric Motorcycle,1,3000000,0,6.0,Low (<10%),1,0,1,0,0,0,0,0
Altor,Smart Helmets,1,5000000,0,7.0,Low (<10%),2,0,0,1,1,0,0,0
Ariro,Wooden Toys,1,5000000,0,10.0,Medium (10–25%),2,0,0,0,1,1,0,0
Kabira Handmade,Healthy Oils,1,0,0,0.0,Low (<10%),0,0,0,0,0,0,0,0
Nuutjob,Male Intimate Hygiene,1,2500000,0,20.0,Medium (10–25%),3,0,0,1,1,1,0,0
Meatyour,Eggs,1,3000000,0,20.0,Medium (10–25%),3,1,0,0,1,1,0,0
EventBeep,Student Community App,1,3000000,0,3.0,Low (<10%),3,0,1,0,1,1,0,0
Gopal's 56,Fiber Ice Cream,1,0,0,0.0,Low (<10%),0,0,0,0,0,0,0,0
ARRCOAT Surface Textures,Wall Building,1,5000000,0,15.0,Medium (10–25%),1,1,0,0,0,0,0,0
Farda,Customised Streetwear,1,3000000,0,20.0,Medium (10–25%),2,0,0,1,1,0,0,0
Auli Lifestyle,Ayurvedic Products,1,7500000,0,5.0,Low (<10%),1,0,0,1,0,0,0,0
SweeDesi,Indian Sweets,1,0,0,0.0,Low (<10%),0,0,0,0,0,0,0,0
LOKA,Metaverse App,1,4000000,0,24.0,Medium (10–25%),3,1,0,0,1,1,0,0
Annie,Braille Literary Device,1,1000000,0,3.0,Low (<10%),3,1,0,1,0,1,0,0
Caragreen,Eco-Friendly boxes,1,5000000,0,20.0,Medium (10–25%),2,1,0,0,0,1,0,0
The Yarn Bazaar,Yarn-Trading App,1,1000000,0,10.0,Medium (10–25%),4,1,1,0,1,1,0,0
The Renal Project,Home Dialysis Treatment,1,1000000,0,6.0,Low (<10%),2,0,0,1,1,0,0,0
Morikko Pure Foods,Healthy Food Snacks,1,0,0,0.0,Low (<10%),0,0,0,0,0,0,0,0
Good Good Piggy Bank,Digital Piggy Bank,1,0,0,0.0,Low (<10%),0,0,0,0,0,0,0,0
Hammer Lifestyle,Smart Audio Products,1,1000000,0,40.0,High (>25%),1,0,0,0,1,0,0,0
PNT,Robotics and Automation Solutions,1,2500000,2500000,25.0,Medium (10–25%),1,0,0,0,0,1,0,0
Cocofit,Coconut based beverage franchise,1,500000,0,5.0,Low (<10%),3,1,0,1,1,0,0,0
Bamboo India,Bamboo Products,1,5000000,3000000,3.5,Low (<10%),2,1,1,0,0,0,0,0
Flying Furr,Dog Hygiene,1,0,0,0.0,Low (<10%),0,0,0,0,0,0,0,0
Beyond Water,Liquid Water Enhancer,1,7500000,0,15.0,Medium (10–25%),2,0,0,1,1,0,0,0
Let's Try,Healthy Snacks,1,4500000,0,12.0,Medium (10–25%),2,1,0,0,1,0,0,0
Find Your Kicks India,Sneaker Resale,1,5000000,0,25.0,Medium (10–25%),5,1,1,1,1,1,0,0
Aas Vidyalaya,EdTech App,1,1500000,0,15.0,Medium (10–25%),3,0,1,1,0,1,0,0
Outbox,Premium Surprise-Planning,1,0,0,0.0,Low (<10%),0,0,0,0,0,0,0,0
RoadBounce,Pothole Detection Software and Data,1,8000000,0,20.0,Medium (10–25%),1,0,0,0,0,1,0,0
Mommy's Kitchen,Thin Crust Pizza,1,0,0,0.0,Low (<10%),0,0,0,0,0,0,0,0
India Hemp and Co,Hemp Food Products,1,0,0,0.0,Low (<10%),0,0,0,0,0,0,0,0
Otua,Electric Auto Vehicle,1,100000,9900000,1.0,Low (<10%),1,0,1,0,0,0,0,0
Anthyesti,Funeral Service,1,0,0,0.0,Low (<10%),0,0,0,0,0,0,0,0
Ethik,Leather-free Shoes,1,0,0,0.0,Low (<10%),0,0,0,0,0,0,0,0
WeSTOCK,Livestock health monitoring AI,1,6000000,0,10.0,Medium (10–25%),4,0,1,1,1,1,0,0
KetoIndia,Customised Keto Diets for various medical issues,1,0,0,0.0,Low (<10%),0,0,0,0,0,0,0,0
Magic lock,LPG Cylinder lock,1,0,0,0.0,Low (<10%),0,0,0,0,0,0,0,0
The State Plate,Delicacies,1,4000000,2500000,3.0,Low (<10%),1,0,0,0,0,1,0,0
Bakarmax,Comics & Animation,1,0,0,0.0,Low (<10%),0,0,0,0,0,0,0,0
IN A CAN,Can Cocktails,1,1000000,0,10.0,Medium (10–25%),5,1,1,1,1,1,0,0
Get a Whey,Sugar-Free Icecream,1,1000000,0,15.0,Medium (10–25%),3,0,1,0,1,0,1,0
Sid07 Designs,Inventions,1,2500000,2200000,75.0,High (>25%),1,0,0,0,0,1,0,0
The Quirky Nari,Customised Apparels,1,3500000,0,24.0,Medium (10–25%),2,1,0,0,0,0,1,0
Hair Originals,Natural Hair Extensions,1,6000000,0,4.0,Low (<10%),3,1,1,0,0,1,0,0
Poo de Cologne,Toilet Spray with Essential Oils,1,0,0,0.0,Low (<10%),0,0,0,0,0,0,0,0
Moonshine Meads,Meads,1,0,0,0.0,Low (<10%),0,0,0,0,0,0,0,0
Falhari,Fresh Fruits,1,0,0,0.0,Low (<10%),0,0,0,0,0,0,0,0
Namhya Foods,Ayurvedic Enriched Food,1,5000000,5000000,10.0,Medium (10–25%),1,0,0,0,1,0,0,0
Urban Monkey,Streetwear,1,0,0,0.0,Low (<10%),0,0,0,0,0,0,0,0
Guardian Gears,Motorcycle Luggage,1,0,0,0.0,Low (<10%),0,0,0,0,0,0,0,0
Modern Myth,Bags,1,0,0,0.0,Low (<10%),0,0,0,0,0,0,0,0
The Sass Bar,Gifts,1,5000000,0,35.0,High (>25%),2,1,0,0,0,0,0,1
KG Agrotech,Agricultural Innovations,1,1000000,2000000,40.0,High (>25%),1,0,0,0,0,1,0,0
Nuskha Kitchen,Homemade Foods,1,0,0,0.0,Low (<10%),0,0,0,0,0,0,0,0
PawsIndia,Dog Products,1,5000000,0,15.0,Medium (10–25%),1,1,0,0,0,0,0,0
Sunfox Technologies,Portable ECG Device,1,1000000,0,6.0,Low (<10%),5,1,0,1,0,1,1,1
Alpino,Roasted Peanut Products,1,0,0,0.0,Low (<10%),0,0,0,0,0,0,0,0
Isak Fragrances,Perfumes,1,5000000,0,50.0,High (>25%),1,0,0,0,0,1,0,0
Julaa Automation,Automatic Cradle,1,0,0,0.0,Low (<10%),0,0,0,0,0,0,0,0
Rare Planet,Handicrafts,1,6500000,0,30.0,High (>25%),1,0,0,1,0,0,0,0
Theka Coffee,Coffee Products,1,0,0,0.0,Low (<10%),0,0,0,0,0,0,0,0
Watt Technovations,Ventilated PPE Kits,1,1000000,0,4.0,Low (<10%),4,1,0,1,0,1,0,1
Aliste Technologies,Automation Solutions,1,0,0,0.0,Low (<10%),0,0,0,0,0,0,0,0
Insurance Samadhan,Insurance Solutions,1,1000000,0,4.0,Low (<10%),1,0,0,0,0,1,0,0
Humpy A2,Organic Milk Products,1,1000000,0,15.0,Medium (10–25%),3,0,0,0,0,1,1,1
Kunafa World,Kunafa,1,0,0,0.0,Low (<10%),0,0,0,0,0,0,0,0
Gold Safe Solutions Ind.,Anti-Suicidal Fan Rod,1,5000000,0,30.0,High (>25%),3,0,0,0,0,1,1,1
Wakao Foods,Jackfruit Products,1,7500000,0,21.0,Medium (10–25%),3,0,0,1,0,0,1,1
PDD Falcon,Stainless Steel Items,1,0,0,0.0,Low (<10%),0,0,0,0,0,0,0,0
PlayBox TV,Streaming Platform,1,0,0,0.0,Low (<10%),0,0,0,0,0,0,0,0
Sippline Drinking Shields,Portable Glass Attachment,1,0,0,0.0,Low (<10%),0,0,0,0,0,0,0,0
Kabaddi Adda,All-Kabaddi App,1,8000000,0,6.0,Low (<10%),2,0,0,1,0,0,1,0
Shades of Spring,Flowers,1,0,0,0.0,Low (<10%),0,0,0,0,0,0,0,0
Scholify,Scholarship Platform,1,0,0,0.0,Low (<10%),0,0,0,0,0,0,0,0
Scrapshala,Handmade Reusable Scrap Materials,1,0,0,0.0,Low (<10%),0,0,0,0,0,0,0,0
Sabjikothi,Vegetables Storage,1,0,0,0.0,Low (<10%),0,0,0,0,0,0,0,0
AyuRythm,Ayurvedic Wellness App,1,7500000,0,2.68,Low (<10%),1,0,0,0,1,0,0,0
Astrix,Smart Locks,1,0,0,0.0,Low (<10%),0,0,0,0,0,0,0,0
Thea and Sid,Proposal Solutions,1,0,0,0.0,Low (<10%),0,0,0,0,0,0,0,0
Experential Etc,Technology layered Advertisement Services,1,0,0,0.0,Low (<10%),0,0,0,0,0,0,0,0
GrowFitter,Rewards App,1,5000000,0,2.0,Low (<10%),1,0,0,0,1,0,0,0
Med Tech,Portable opthalmic devices,1,0,0,0.0,Low (<10%),0,0,0,0,0,0,0,0
Colour Me Mad,Insoles,1,4000000,0,25.0,Medium (10–25%),1,0,0,1,0,0,0,0
Mavi's,Vegan Fermented Food,1,0,0,0.0,Low (<10%),0,0,0,0,0,0,0,0
Tweek Labs,Sportswear,1,6000000,0,10.0,Medium (10–25%),3,1,1,0,0,1,0,0
Proxgy,VR,1,1000000,0,10.0,Medium (10–25%),2,0,1,0,0,1,0,0
Nomad Food Project,Bacon Jams,1,4000000,0,20.0,Medium (10–25%),4,0,1,1,0,0,1,1
Twee in One,Reversible and convertible clothing,1,0,0,0.0,Low (<10%),0,0,0,0,0,0,0,0
Green Protein,Plant-Based Protein,1,0,0,0.0,Low (<10%),0,0,0,0,0,0,0,0
On2Cook,Fastest Cooking Device,1,0,0,0.0,Low (<10%),0,0,0,0,0,0,0,0
Jain Shikanji,Lemonade,1,4000000,0,30.0,High (>25%),4,1,1,0,1,0,1,0
Woloo,Washroom Finder,1,0,0,0.0,Low (<10%),0,0,0,0,0,0,0,0
Elcare India,Carenting for Elders,1,0,0,0.0,Low (<10%),0,0,0,0,0,0,0,0
