Brand,Idea,Season,Investment (INR),Debt (INR),Equity (%),Equity Category,Total Investors,Anupam,Ashneer,Namita,Aman,Peyush,Vineeta,Ghazal,Domain
BluePine Industries,Frozen Momos,1,7500000,0,18.0,Medium (10–25%),3,0,1,0,1,0,1,0,Other
Booz scooters,Renting e-bike for mobility in private spaces,1,4000000,0,50.0,High (>25%),2,0,1,0,0,0,1,0,Other
Heart up my Sleeves,Detachable Sleeves,1,2500000,0,30.0,High (>25%),2,1,0,0,0,0,1,0,Other
Tagz Foods,Healthy Potato Chips,1,7000000,0,2.75,Low (<10%),1,0,1,0,0,0,0,0,Health & Wellness
Head and Heart,Brain Development Course,1,0,0,0.0,Low (<10%),0,0,0,0,0,0,0,0,Other
Agro tourism,Tourism,1,0,0,0.0,Low (<10%),0,0,0,0,0,0,0,0,Other
Qzense Labs,Food Freshness Detector,1,0,0,0.0,Low (<10%),0,0,0,0,0,0,0,0,Food & Beverage
Peeschute,Disposable Urine Bag,1,7500000,0,6.0,Low (<10%),1,0,0,0,1,0,0,0,Other
NOCD,Energy Drink,1,2000000,3000000,15.0,Medium (10–25%),1,0,0,0,0,0,1,0,Food & Beverage
Cosiq,Intelligent Skincare,1,5000000,0,25.0,Medium (10–25%),2,1,0,0,0,0,1,0,Other
JhaJi Achaar,Pickle,1,0,0,0.0,Low (<10%),0,0,0,0,0,0,0,0,Other
Bummer,Underwear,1,7500000,0,7.5,Low (<10%),2,0,0,1,1,0,0,0,Fashion
Revamp Moto,E-Bike,1,1000000,0,1.5,Low (<10%),2,1,0,0,1,0,0,0,Other
Hungry Heads,Restaurant serving 80 types of Maggi,1,0,0,0.0,Low (<10%),0,0,0,0,0,0,0,0,Other
Shrawani Engineers,Belly Button Shaper,1,0,0,0.0,Low (<10%),0,0,0,0,0,0,0,0,Other
Skippi Pops,Ice-Pops,1,1000000,0,15.0,Medium (10–25%),5,1,1,1,1,0,1,0,Other
Menstrupedia,Menstrual Awareness Comic,1,5000000,0,20.0,Medium (10–25%),1,0,0,1,0,0,0,0,Other
Hecolll,Pollution Resistant Fabric,1,0,0,0.0,Low (<10%),0,0,0,0,0,0,0,0,Other
Raising Superstars,Child Development App,1,1000000,0,4.0,Low (<10%),2,0,1,0,1,0,0,0,Technology
Torch-it,Gadgets for visually impaired people,1,0,0,0.0,Low (<10%),0,0,0,0,0,0,0,0,Other
La Kheer Deli,Kheer in variety of flavors,1,0,0,0.0,Low (<10%),0,0,0,0,0,0,0,0,Other
Beyond Snack,Kerala Banana Chips,1,5000000,0,2.5,Low (<10%),2,0,1,0,1,0,0,0,Other
Vivalyf Innovations- Easy Life,Prickless Diabetes Testing Machine,1,5600000,0,33.3,High (>25%),2,1,0,0,0,1,0,0,Other
Motion Breeze,Smart Electric Motorcycle,1,3000000,0,6.0,Low (<10%),1,0,1,0,0,0,0,0,Other
Altor,Smart Helmets,1,5000000,0,7.0,Low (<10%),2,0,0,1,1,0,0,0,Other
Ariro,Wooden Toys,1,5000000,0,10.0,Medium (10–25%),2,0,0,0,1,1,0,0,Other
Kabira Handmade,Healthy Oils,1,0,0,0.0,Low (<10%),0,0,0,0,0,0,0,0,Health & Wellness
Nuutjob,Male Intimate Hygiene,1,2500000,0,20.0,Medium (10–25%),3,0,0,1,1,1,0,0,Other
Meatyour,Eggs,1,3000000,0,20.0,Medium (10–25%),3,1,0,0,1,1,0,0,Other
EventBeep,Student Community App,1,3000000,0,3.0,Low (<10%),3,0,1,0,1,1,0,0,Technology
Gopal's 56,Fiber Ice Cream,1,0,0,0.0,Low (<10%),0,0,0,0,0,0,0,0,Other
ARRCOAT Surface Textures,Wall Building,1,5000000,0,15.0,Medium (10–25%),1,1,0,0,0,0,0,0,Other
Farda,Customised Streetwear,1,3000000,0,20.0,Medium (10–25%),2,0,0,1,1,0,0,0,Fashion
Auli Lifestyle,Ayurvedic Products,1,7500000,0,5.0,Low (<10%),1,0,0,1,0,0,0,0,Other
SweeDesi,Indian Sweets,1,0,0,0.0,Low (<10%),0,0,0,0,0,0,0,0,Other
LOKA,Metaverse App,1,4000000,0,24.0,Medium (10–25%),3,1,0,0,1,1,0,0,Technology
Annie,Braille Literary Device,1,1000000,0,3.0,Low (<10%),3,1,0,1,0,1,0,0,Other
Caragreen,Eco-Friendly boxes,1,5000000,0,20.0,Medium (10–25%),2,1,0,0,0,1,0,0,Other
The Yarn Bazaar,Yarn-Trading App,1,1000000,0,10.0,Medium (10–25%),4,1,1,0,1,1,0,0,Technology
The Renal Project,Home Dialysis Treatment,1,1000000,0,6.0,Low (<10%),2,0,0,1,1,0,0,0,Other
Morikko Pure Foods,Healthy Food Snacks,1,0,0,0.0,Low (<10%),0,0,0,0,0,0,0,0,Food & Beverage
Good Good Piggy Bank,Digital Piggy Bank,1,0,0,0.0,Low (<10%),0,0,0,0,0,0,0,0,Other
Hammer Lifestyle,Smart Audio Products,1,1000000,0,40.0,High (>25%),1,0,0,0,1,0,0,0,Other
PNT,Robotics and Automation Solutions,1,2500000,2500000,25.0,Medium (10–25%),1,0,0,0,0,1,0,0,Other
Cocofit,Coconut based beverage franchise,1,500000,0,5.0,Low (<10%),3,1,0,1,1,0,0,0,Food & Beverage
Bamboo India,Bamboo Products,1,5000000,3000000,3.5,Low (<10%),2,1,1,0,0,0,0,0,Other
Flying Furr,Dog Hygiene,1,0,0,0.0,Low (<10%),0,0,0,0,0,0,0,0,Other
Beyond Water,Liquid Water Enhancer,1,7500000,0,15.0,Medium (10–25%),2,0,0,1,1,0,0,0,Other
Let's Try,Healthy Snacks,1,4500000,0,12.0,Medium (10–25%),2,1,0,0,1,0,0,0,Health & Wellness
Find Your Kicks India,Sneaker Resale,1,5000000,0,25.0,Medium (10–25%),5,1,1,1,1,1,0,0,Other
Aas Vidyalaya,EdTech App,1,1500000,0,15.0,Medium (10–25%),3,0,1,1,0,1,0,0,Technology
Outbox,Premium Surprise-Planning,1,0,0,0.0,Low (<10%),0,0,0,0,0,0,0,0,Other
RoadBounce,Pothole Detection Software and Data,1,8000000,0,20.0,Medium (10–25%),1,0,0,0,0,1,0,0,Technology
Mommy's Kitchen,Thin Crust Pizza,1,0,0,0.0,Low (<10%),0,0,0,0,0,0,0,0,Other
India Hemp and Co,Hemp Food Products,1,0,0,0.0,Low (<10%),0,0,0,0,0,0,0,0,Food & Beverage
Otua,Electric Auto Vehicle,1,100000,9900000,1.0,Low (<10%),1,0,1,0,0,0,0,0,Other
Anthyesti,Funeral Service,1,0,0,0.0,Low (<10%),0,0,0,0,0,0,0,0,Other
Ethik,Leather-free Shoes,1,0,0,0.0,Low (<10%),0,0,0,0,0,0,0,0,Other
WeSTOCK,Livestock health monitoring AI,1,6000000,0,10.0,Medium (10–25%),4,0,1,1,1,1,0,0,Health & Wellness
KetoIndia,Customised Keto Diets for various medical issues,1,0,0,0.0,Low (<10%),0,0,0,0,0,0,0,0,Other
Magic lock,LPG Cylinder lock,1,0,0,0.0,Low (<10%),0,0,0,0,0,0,0,0,Other
The State Plate,Delicacies,1,4000000,2500000,3.0,Low (<10%),1,0,0,0,0,1,0,0,Other
Bakarmax,Comics & Animation,1,0,0,0.0,Low (<10%),0,0,0,0,0,0,0,0,Other
IN A CAN,Can Cocktails,1,1000000,0,10.0,Medium (10–25%),5,1,1,1,1,1,0,0,Other
Get a Whey,Sugar-Free Icecream,1,1000000,0,15.0,Medium (10–25%),3,0,1,0,1,0,1,0,Other
Sid07 Designs,Inventions,1,2500000,2200000,75.0,High (>25%),1,0,0,0,0,1,0,0,Other
The Quirky Nari,Customised Apparels,1,3500000,0,24.0,Medium (10–25%),2,1,0,0,0,0,1,0,Technology
Hair Originals,Natural Hair Extensions,1,6000000,0,4.0,Low (<10%),3,1,1,0,0,1,0,0,Other
Poo de Cologne,Toilet Spray with Essential Oils,1,0,0,0.0,Low (<10%),0,0,0,0,0,0,0,0,Other
Moonshine Meads,Meads,1,0,0,0.0,Low (<10%),0,0,0,0,0,0,0,0,Other
Falhari,Fresh Fruits,1,0,0,0.0,Low (<10%),0,0,0,0,0,0,0,0,Other
Namhya Foods,Ayurvedic Enriched Food,1,5000000,5000000,10.0,Medium (10–25%),1,0,0,0,1,0,0,0,Food & Beverage
Urban Monkey,Streetwear,1,0,0,0.0,Low (<10%),0,0,0,0,0,0,0,0,Fashion
Guardian Gears,Motorcycle Luggage,1,0,0,0.0,Low (<10%),0,0,0,0,0,0,0,0,Other
Modern Myth,Bags,1,0,0,0.0,Low (<10%),0,0,0,0,0,0,0,0,Other
The Sass Bar,Gifts,1,5000000,0,35.0,High (>25%),2,1,0,0,0,0,0,1,Other
KG Agrotech,Agricultural Innovations,1,1000000,2000000,40.0,High (>25%),1,0,0,0,0,1,0,0,Other
Nuskha Kitchen,Homemade Foods,1,0,0,0.0,Low (<10%),0,0,0,0,0,0,0,0,Food & Beverage
PawsIndia,Dog Products,1,5000000,0,15.0,Medium (10–25%),1,1,0,0,0,0,0,0,Other
Sunfox Technologies,Portable ECG Device,1,1000000,0,6.0,Low (<10%),5,1,0,1,0,1,1,1,Other
Alpino,Roasted Peanut Products,1,0,0,0.0,Low (<10%),0,0,0,0,0,0,0,0,Other
Isak Fragrances,Perfumes,1,5000000,0,50.0,High (>25%),1,0,0,0,0,1,0,0,Other
Julaa Automation,Automatic Cradle,1,0,0,0.0,Low (<10%),0,0,0,0,0,0,0,0,Other
Rare Planet,Handicrafts,1,6500000,0,30.0,High (>25%),1,0,0,1,0,0,0,0,Other
Theka Coffee,Coffee Products,1,0,0,0.0,Low (<10%),0,0,0,0,0,0,0,0,Other
Watt Technovations,Ventilated PPE Kits,1,1000000,0,4.0,Low (<10%),4,1,0,1,0,1,0,1,Other
Aliste Technologies,Automation Solutions,1,0,0,0.0,Low (<10%),0,0,0,0,0,0,0,0,Other
Insurance Samadhan,Insurance Solutions,1,1000000,0,4.0,Low (<10%),1,0,0,0,0,1,0,0,Other
Humpy A2,Organic Milk Products,1,1000000,0,15.0,Medium (10–25%),3,0,0,0,0,1,1,1,Other
Kunafa World,Kunafa,1,0,0,0.0,Low (<10%),0,0,0,0,0,0,0,0,Other
Gold Safe Solutions Ind.,Anti-Suicidal Fan Rod,1,5000000,0,30.0,High (>25%),3,0,0,0,0,1,1,1,Other
Wakao Foods,Jackfruit Products,1,7500000,0,21.0,Medium (10–25%),3,0,0,1,0,0,1,1,Other
PDD Falcon,Stainless Steel Items,1,0,0,0.0,Low (<10%),0,0,0,0,0,0,0,0,Other
PlayBox TV,Streaming Platform,1,0,0,0.0,Low (<10%),0,0,0,0,0,0,0,0,Other
Sippline Drinking Shields,Portable Glass Attachment,1,0,0,0.0,Low (<10%),0,0,0,0,0,0,0,0,Other
Kabaddi Adda,All-Kabaddi App,1,8000000,0,6.0,Low (<10%),2,0,0,1,0,0,1,0,Technology
Shades of Spring,Flowers,1,0,0,0.0,Low (<10%),0,0,0,0,0,0,0,0,Other
Scholify,Scholarship Platform,1,0,0,0.0,Low (<10%),0,0,0,0,0,0,0,0,Other
Scrapshala,Handmade Reusable Scrap Materials,1,0,0,0.0,Low (<10%),0,0,0,0,0,0,0,0,Other
Sabjikothi,Vegetables Storage,1,0,0,0.0,Low (<10%),0,0,0,0,0,0,0,0,Other
AyuRythm,Ayurvedic Wellness App,1,7500000,0,2.68,Low (<10%),1,0,0,0,1,0,0,0,Health & Wellness
Astrix,Smart Locks,1,0,0,0.0,Low (<10%),0,0,0,0,0,0,0,0,Other
Thea and Sid,Proposal Solutions,1,0,0,0.0,Low (<10%),0,0,0,0,0,0,0,0,Other
Experential Etc,Technology layered Advertisement Services,1,0,0,0.0,Low (<10%),0,0,0,0,0,0,0,0,Technology
GrowFitter,Rewards App,1,5000000,0,2.0,Low (<10%),1,0,0,0,1,0,0,0,Technology
Med Tech,Portable opthalmic devices,1,0,0,0.0,Low (<10%),0,0,0,0,0,0,0,0,Other
Colour Me Mad,Insoles,1,4000000,0,25.0,Medium (10–25%),1,0,0,1,0,0,0,0,Other
Mavi's,Vegan Fermented Food,1,0,0,0.0,Low (<10%),0,0,0,0,0,0,0,0,Food & Beverage
Tweek Labs,Sportswear,1,6000000,0,10.0,Medium (10–25%),3,1,1,0,0,1,0,0,Fashion
Proxgy,VR,1,1000000,0,10.0,Medium (10–25%),2,0,1,0,0,1,0,0,Other
Nomad Food Project,Bacon Jams,1,4000000,0,20.0,Medium (10–25%),4,0,1,1,0,0,1,1,Other
Twee in One,Reversible and convertible clothing,1,0,0,0.0,Low (<10%),0,0,0,0,0,0,0,0,Other
Green Protein,Plant-Based Protein,1,0,0,0.0,Low (<10%),0,0,0,0,0,0,0,0,Other
On2Cook,Fastest Cooking Device,1,0,0,0.0,Low (<10%),0,0,0,0,0,0,0,0,Other
Jain Shikanji,Lemonade,1,4000000,0,30.0,High (>25%),4,1,1,0,1,0,1,0,Other
Woloo,Washroom Finder,1,0,0,0.0,Low (<10%),0,0,0,0,0,0,0,0,Other
Elcare India,Carenting for Elders,1,0,0,0.0,Low (<10%),0,0,0,0,0,0,0,0,Other
